id,name,active,ip_address
ip_001,"115.84.237.2",True,"115.84.237.2"
ip_002,"115.84.237.3",True,"115.84.237.3"
ip_003,"115.84.237.4",True,"115.84.237.4"
ip_004,"115.84.237.5",True,"115.84.237.5"
ip_005,"115.84.237.6",True,"115.84.237.6"
ip_006,"115.84.237.7",True,"115.84.237.7"
ip_007,"115.84.237.8",True,"115.84.237.8"
ip_008,"115.84.237.9",True,"115.84.237.9"
ip_009,"115.84.237.10",True,"115.84.237.10"
ip_010,"115.84.237.11",True,"115.84.237.11"
ip_011,"115.84.237.12",True,"115.84.237.12"
ip_012,"115.84.237.13",True,"115.84.237.13"
ip_013,"115.84.237.14",True,"115.84.237.14"
ip_014,"115.84.237.15",True,"115.84.237.15"
ip_015,"115.84.237.16",True,"115.84.237.16"
ip_016,"115.84.237.17",True,"115.84.237.17"
ip_017,"115.84.237.18",True,"115.84.237.18"
ip_018,"115.84.237.19",True,"115.84.237.19"
ip_019,"115.84.237.20",True,"115.84.237.20"
ip_020,"115.84.237.21",True,"115.84.237.21"
ip_021,"115.84.237.22",True,"115.84.237.22"
ip_022,"115.84.237.23",True,"115.84.237.23"
ip_023,"115.84.237.24",True,"115.84.237.24"
ip_024,"115.84.237.25",True,"115.84.237.25"
ip_025,"115.84.237.26",True,"115.84.237.26"
ip_026,"115.84.237.27",True,"115.84.237.27"
ip_027,"115.84.237.28",True,"115.84.237.28"
ip_028,"115.84.237.29",True,"115.84.237.29"
ip_029,"115.84.237.30",True,"115.84.237.30"
ip_030,"203.82.39.226",True,"203.82.39.226"
ip_031,"203.82.39.227",True,"203.82.39.227"
ip_032,"203.82.39.228",True,"203.82.39.228"
ip_033,"203.82.39.229",True,"203.82.39.229"
ip_034,"203.82.39.230",True,"203.82.39.230"
ip_035,"203.82.39.231",True,"203.82.39.231"
ip_036,"203.82.39.232",True,"203.82.39.232"
ip_037,"203.82.39.233",True,"203.82.39.233"
ip_038,"203.82.39.234",True,"203.82.39.234"
ip_039,"203.82.39.235",True,"203.82.39.235"
ip_040,"203.82.39.236",True,"203.82.39.236"
ip_041,"203.82.39.237",True,"203.82.39.237"
ip_042,"203.82.39.238",True,"203.82.39.238"
ip_043,"203.82.39.239",True,"203.82.39.239"
ip_044,"203.82.39.240",True,"203.82.39.240"
ip_045,"203.82.39.241",True,"203.82.39.241"
ip_046,"203.82.39.242",True,"203.82.39.242"
ip_047,"203.82.39.243",True,"203.82.39.243"
ip_048,"203.82.39.244",True,"203.82.39.244"
ip_049,"203.82.39.245",True,"203.82.39.245"
ip_050,"203.82.39.246",True,"203.82.39.246"
ip_051,"203.82.39.247",True,"203.82.39.247"
ip_052,"203.82.39.248",True,"203.82.39.248"
ip_053,"203.82.39.249",True,"203.82.39.249"
ip_054,"203.82.39.250",True,"203.82.39.250"
ip_055,"203.82.39.251",True,"203.82.39.251"
ip_056,"203.82.39.252",True,"203.82.39.252"
ip_057,"203.82.39.253",True,"203.82.39.253"
ip_058,"203.82.39.254",True,"203.82.39.254"